Disease,YTD Cases,January,February,March,April,May,June,July,August,September,October,November,December,Year,MOT
AIDS,17,2,1,2,1,5,2,3,1,0,0,0,0,2023,Sexually Transmitted and Bloodborne
HIV ,732,56,54,55,47,75,70,71,71,47,78,60,48,2023,Sexually Transmitted and Bloodborne
Chlamydia,"10,926","1,018",881,"1,131","1,011","1,150","1,310","1,289","1,310",549,428,478,371,2023,Sexually Transmitted and Bloodborne
Chancroid,0,0,0,0,0,0,0,0,0,0,0,0,0,2023,Sexually Transmitted and Bloodborne
Gonorrhea,"7,215",484,433,524,456,599,694,724,697,697,672,680,555,2023,Sexually Transmitted and Bloodborne
Hepatitis B - cases,4,0,0,0,0,0,0,0,2,0,0,0,2,2023,Sexually Transmitted and Bloodborne
Hepatitis B - carriers,330,18,17,17,14,21,40,42,33,33,43,33,19,2023,Sexually Transmitted and Bloodborne
Hepatitis B - unclassified,534,52,44,76,51,50,30,34,34,25,34,52,52,2023,Sexually Transmitted and Bloodborne
Hepatitis C,584,44,38,45,45,33,58,61,53,54,51,63,39,2023,Sexually Transmitted and Bloodborne
Ophthalmia neonatorum,0,0,0,0,0,0,0,0,0,0,0,0,0,2023,Sexually Transmitted and Bloodborne
"Syphilis, infectious","1,312",122,113,145,96,101,131,131,109,102,90,102,70,2023,Sexually Transmitted and Bloodborne
"Syphilis, other",683,77,56,54,40,70,56,53,63,61,55,63,35,2023,Sexually Transmitted and Bloodborne
Amebiasis,141,16,9,11,15,14,7,9,9,19,10,7,15,2023,"Enteric, Food and Waterborne"
Botulism,0,0,0,0,0,0,0,0,0,0,0,0,0,2023,"Enteric, Food and Waterborne"
Campylobacter enteritis,509,21,41,20,36,33,43,73,89,59,43,28,23,2023,"Enteric, Food and Waterborne"
Cholera,0,0,0,0,0,0,0,0,0,0,0,0,0,2023,"Enteric, Food and Waterborne"
Cryptosporidiosis,89,4,4,3,1,6,8,15,15,12,4,8,9,2023,"Enteric, Food and Waterborne"
Cyclosporiasis,165,0,2,0,2,43,61,44,10,1,0,1,1,2023,"Enteric, Food and Waterborne"
Food poisoning,9,0,3,0,1,2,1,0,2,0,0,0,0,2023,"Enteric, Food and Waterborne"
Giardiasis,262,17,24,27,11,20,20,20,36,23,17,20,27,2023,"Enteric, Food and Waterborne"
Hepatitis A,46,4,2,3,1,3,3,1,8,7,7,4,3,2023,"Enteric, Food and Waterborne"
Listeriosis,21,2,1,2,3,1,2,1,3,1,0,2,3,2023,"Enteric, Food and Waterborne"
Paralytic shellfish poisoning,0,0,0,0,0,0,0,0,0,0,0,0,0,2023,"Enteric, Food and Waterborne"
Paratyphoid fever,14,0,2,4,2,1,2,1,0,1,1,0,0,2023,"Enteric, Food and Waterborne"
Salmonellosis,456,40,34,34,34,41,35,52,46,41,37,35,27,2023,"Enteric, Food and Waterborne"
Shigellosis,118,9,6,13,3,13,9,8,5,12,13,13,14,2023,"Enteric, Food and Waterborne"
Trichinosis,0,0,0,0,0,0,0,0,0,0,0,0,0,2023,"Enteric, Food and Waterborne"
Typhoid fever,25,3,1,2,5,4,2,2,0,1,1,2,2,2023,"Enteric, Food and Waterborne"
Verotoxin-producing E. coli infection,25,1,0,1,5,3,1,5,3,2,1,2,1,2023,"Enteric, Food and Waterborne"
Yersiniosis,80,9,7,3,6,9,9,8,12,5,2,6,4,2023,"Enteric, Food and Waterborne"
Acute flaccid paralysis,1,0,0,0,1,0,0,0,0,0,0,0,0,2023,Vaccine Preventable 
Adverse vaccine reactions,0,0,0,0,0,0,0,0,0,0,0,0,0,2023,Vaccine Preventable 
Chickenpox,240,26,29,18,19,35,17,14,27,20,21,11,3,2023,Vaccine Preventable 
COVID-19,"22,060","4,643","2,601","2,004","1,596","1,242",811,583,920,"1,898","2,474","3,288","3,792",2023,Vaccine Preventable 
Diphtheria,0,0,0,0,0,0,0,0,0,0,0,0,0,2023,Vaccine Preventable 
"Haemophilus influenzae, invasive",61,5,3,4,4,1,4,5,3,6,4,7,15,2023,Vaccine Preventable 
Influenza - sporadic,"2,892",143,78,203,178,218,41,28,33,24,32,354,"1,560",2023,Vaccine Preventable 
Influenza - outbreak associated,247,19,6,13,2,5,15,13,0,0,2,36,136,2023,Vaccine Preventable 
Measles,4,0,1,0,2,0,0,0,0,1,0,0,0,2023,Vaccine Preventable 
Mpox,27,4,4,4,3,2,3,2,1,1,1,1,1,2023,Vaccine Preventable 
Mumps,6,0,1,0,1,0,0,0,0,0,0,2,2,2023,Vaccine Preventable 
Pertussis,22,1,0,2,0,2,2,0,3,6,3,2,1,2023,Vaccine Preventable 
Rubella,0,0,0,0,0,0,0,0,0,0,0,0,0,2023,Vaccine Preventable 
"Rubella, congenital syndrome",0,0,0,0,0,0,0,0,0,0,0,0,0,2023,Vaccine Preventable 
Tetanus,0,0,0,0,0,0,0,0,0,0,0,0,0,2023,Vaccine Preventable 
Legionellosis,50,1,2,2,3,2,4,8,12,5,6,2,3,2023,Vaccine Preventable 
Leprosy,0,0,0,0,0,0,0,0,0,0,0,0,0,2023,Direct Contact and Respiratory
"Meningococcal disease, invasive",6,0,1,0,2,0,1,0,0,1,0,1,0,2023,Direct Contact and Respiratory
"Group A Streptococcal disease, invasive",291,23,20,33,20,27,27,23,18,12,29,19,40,2023,Direct Contact and Respiratory
"Group B Streptococcal disease, neonatal",9,1,0,2,0,0,1,2,1,0,1,0,1,2023,Direct Contact and Respiratory
"Pneumococcal disease, invasive",253,22,23,20,14,23,12,19,15,16,18,29,42,2023,Direct Contact and Respiratory
TB: Atypical mycobacterial infections,40,9,2,1,4,10,4,2,1,1,1,3,2,2023,Direct Contact and Respiratory
Tuberculosis,341,30,18,33,25,23,36,31,38,30,29,21,27,2023,Direct Contact and Respiratory
Anaplasmosis,2,0,0,0,0,0,0,1,1,0,0,0,0,2023,Vectorborne and Zoonotics
Babesiosis,4,0,0,0,0,0,0,3,1,0,0,0,0,2023,Vectorborne and Zoonotics
Brucellosis,0,0,0,0,0,0,0,0,0,0,0,0,0,2023,Vectorborne and Zoonotics
Echinococcus multilocularis infection,0,0,0,0,0,0,0,0,0,0,0,0,0,2023,Vectorborne and Zoonotics
Hemorrhagic fevers,0,0,0,0,0,0,0,0,0,0,0,0,0,2023,Vectorborne and Zoonotics
Lyme disease,163,4,4,2,2,3,25,73,26,16,4,2,2,2023,Vectorborne and Zoonotics
Powassan virus,0,0,0,0,0,0,0,0,0,0,0,0,0,2023,Vectorborne and Zoonotics
Q fever,0,0,0,0,0,0,0,0,0,0,0,0,0,2023,Vectorborne and Zoonotics
Rabies,0,0,0,0,0,0,0,0,0,0,0,0,0,2023,Vectorborne and Zoonotics
Tularemia,0,0,0,0,0,0,0,0,0,0,0,0,0,2023,Vectorborne and Zoonotics
West Nile Virus,23,0,0,0,0,0,0,2,6,14,1,0,0,2023,Vectorborne and Zoonotics
Blastomycosis,5,0,0,0,0,1,0,0,0,1,2,1,0,2023,Other
Carbapenamase-producing Enterobacteriaceae,168,15,11,26,27,17,22,13,26,9,2,0,0,2023,Other
Transmissible spongiform encephalopathy: Creutzfeldt-Jakob disease,3,1,0,1,0,1,0,0,0,0,0,0,0,2023,Other
Encephalitis/Meningitis - bacterial,0,0,0,0,0,0,0,0,0,0,0,0,0,2023,Encephalitis/Meningitis
Encephalitis/Meningitis - viral,0,0,0,0,0,0,0,0,0,0,0,0,0,2023,Encephalitis/Meningitis
Encephalitis/Meningitis - other,0,0,0,0,0,0,0,0,0,0,0,0,0,2023,Encephalitis/Meningitis
Encephalitis/Meningitis - unknown,0,0,0,0,0,0,0,0,0,0,0,0,0,2023,Encephalitis/Meningitis
Gastroenteritis,177,26,31,38,14,8,6,4,8,2,5,15,20,2023,Outbreaks
Respiratory Infection,"1,064",140,57,70,73,53,37,39,63,97,119,141,175,2023,Outbreaks
Other,3,0,1,0,1,0,0,0,0,0,0,1,0,2023,Outbreaks
AIDS,3,0,2,1,,,,,,,,,,2024,Sexually Transmitted and Bloodborne
HIV ,150,54,41,55,,,,,,,,,,2024,Sexually Transmitted and Bloodborne
Chlamydia,"1,177",486,362,329,,,,,,,,,,2024,Sexually Transmitted and Bloodborne
Chancroid,0,0,0,0,,,,,,,,,,2024,Sexually Transmitted and Bloodborne
Gonorrhea,"1,709",667,548,494,,,,,,,,,,2024,Sexually Transmitted and Bloodborne
Hepatitis B - cases,4,0,1,3,,,,,,,,,,2024,Sexually Transmitted and Bloodborne
Hepatitis B - carriers,87,24,26,37,,,,,,,,,,2024,Sexually Transmitted and Bloodborne
Hepatitis B - unclassified,173,55,55,63,,,,,,,,,,2024,Sexually Transmitted and Bloodborne
Hepatitis C,127,36,44,47,,,,,,,,,,2024,Sexually Transmitted and Bloodborne
Ophthalmia neonatorum,1,0,0,1,,,,,,,,,,2024,Sexually Transmitted and Bloodborne
"Syphilis, infectious",319,118,105,96,,,,,,,,,,2024,Sexually Transmitted and Bloodborne
"Syphilis, other",162,51,56,55,,,,,,,,,,2024,Sexually Transmitted and Bloodborne
Amebiasis,32,12,12,8,,,,,,,,,,2024,"Enteric, Food and Waterborne"
Botulism,0,0,0,0,,,,,,,,,,2024,"Enteric, Food and Waterborne"
Campylobacter enteritis,89,32,30,27,,,,,,,,,,2024,"Enteric, Food and Waterborne"
Cholera,0,0,0,0,,,,,,,,,,2024,"Enteric, Food and Waterborne"
Cryptosporidiosis,34,11,16,7,,,,,,,,,,2024,"Enteric, Food and Waterborne"
Cyclosporiasis,2,1,0,1,,,,,,,,,,2024,"Enteric, Food and Waterborne"
Food poisoning,1,1,0,0,,,,,,,,,,2024,"Enteric, Food and Waterborne"
Giardiasis,72,30,27,15,,,,,,,,,,2024,"Enteric, Food and Waterborne"
Hepatitis A,12,4,4,4,,,,,,,,,,2024,"Enteric, Food and Waterborne"
Listeriosis,4,2,1,1,,,,,,,,,,2024,"Enteric, Food and Waterborne"
Paralytic shellfish poisoning,0,0,0,0,,,,,,,,,,2024,"Enteric, Food and Waterborne"
Paratyphoid fever,6,0,4,2,,,,,,,,,,2024,"Enteric, Food and Waterborne"
Salmonellosis,115,42,44,29,,,,,,,,,,2024,"Enteric, Food and Waterborne"
Shigellosis,26,7,10,9,,,,,,,,,,2024,"Enteric, Food and Waterborne"
Trichinosis,0,0,0,0,,,,,,,,,,2024,"Enteric, Food and Waterborne"
Typhoid fever,6,1,4,1,,,,,,,,,,2024,"Enteric, Food and Waterborne"
Verotoxin-producing E. coli infection,6,2,2,2,,,,,,,,,,2024,"Enteric, Food and Waterborne"
Yersiniosis,23,6,12,5,,,,,,,,,,2024,"Enteric, Food and Waterborne"
Acute flaccid paralysis,0,0,0,0,,,,,,,,,,2024,Vaccine Preventable 
Adverse vaccine reactions,0,0,0,0,,,,,,,,,,2024,Vaccine Preventable 
Chickenpox,72,39,18,15,,,,,,,,,,2024,Vaccine Preventable 
COVID-19,"3,378","2,334",672,372,,,,,,,,,,2024,Vaccine Preventable 
Diphtheria,0,0,0,0,,,,,,,,,,2024,Vaccine Preventable 
"Haemophilus influenzae, invasive",19,10,4,5,,,,,,,,,,2024,Vaccine Preventable 
Influenza - sporadic,"2,514","1,316",648,550,,,,,,,,,,2024,Vaccine Preventable 
Influenza - outbreak associated,387,259,99,29,,,,,,,,,,2024,Vaccine Preventable 
Measles,3,0,1,2,,,,,,,,,,2024,Vaccine Preventable 
Mpox,25,5,15,5,,,,,,,,,,2024,Vaccine Preventable 
Mumps,7,2,2,3,,,,,,,,,,2024,Vaccine Preventable 
Pertussis,16,14,0,2,,,,,,,,,,2024,Vaccine Preventable 
Rubella,0,0,0,0,,,,,,,,,,2024,Vaccine Preventable 
"Rubella, congenital syndrome",0,0,0,0,,,,,,,,,,2024,Vaccine Preventable 
Tetanus,0,0,0,0,,,,,,,,,,2024,Vaccine Preventable 
Legionellosis,5,2,2,1,,,,,,,,,,2024,Direct Contact and Respiratory
Leprosy,0,0,0,0,,,,,,,,,,2024,Direct Contact and Respiratory
"Meningococcal disease, invasive",4,0,1,3,,,,,,,,,,2024,Direct Contact and Respiratory
"Group A Streptococcal disease, invasive",103,32,39,32,,,,,,,,,,2024,Direct Contact and Respiratory
"Group B Streptococcal disease, neonatal",1,0,1,0,,,,,,,,,,2024,Direct Contact and Respiratory
"Pneumococcal disease, invasive",99,27,40,32,,,,,,,,,,2024,Direct Contact and Respiratory
TB: Atypical mycobacterial infections,15,12,2,1,,,,,,,,,,2024,Direct Contact and Respiratory
Tuberculosis,81,26,27,28,,,,,,,,,,2024,Direct Contact and Respiratory
Anaplasmosis,0,0,0,0,,,,,,,,,,2024,Vectorborne and Zoonotics
Babesiosis,0,0,0,0,,,,,,,,,,2024,Vectorborne and Zoonotics
Brucellosis,0,0,0,0,,,,,,,,,,2024,Vectorborne and Zoonotics
Echinococcus multilocularis infection,0,0,0,0,,,,,,,,,,2024,Vectorborne and Zoonotics
Hemorrhagic fevers,0,0,0,0,,,,,,,,,,2024,Vectorborne and Zoonotics
Lyme disease,4,0,4,0,,,,,,,,,,2024,Vectorborne and Zoonotics
Powassan virus,0,0,0,0,,,,,,,,,,2024,Vectorborne and Zoonotics
Q fever,1,0,0,1,,,,,,,,,,2024,Vectorborne and Zoonotics
Rabies,0,0,0,0,,,,,,,,,,2024,Vectorborne and Zoonotics
Tularemia,0,0,0,0,,,,,,,,,,2024,Vectorborne and Zoonotics
West Nile Virus,1,0,1,0,,,,,,,,,,2024,Vectorborne and Zoonotics
Blastomycosis,0,0,0,0,,,,,,,,,,2024,Other
Carbapenamase-producing Enterobacteriaceae,3,2,1,0,,,,,,,,,,2024,Other
Transmissible spongiform encephalopathy: Creutzfeldt-Jakob disease,0,0,0,0,,,,,,,,,,2024,Other
Encephalitis/Meningitis - bacterial,0,0,0,0,,,,,,,,,,2024,Encephalitis/Meningitis
Encephalitis/Meningitis - viral,0,0,0,0,,,,,,,,,,2024,Encephalitis/Meningitis
Encephalitis/Meningitis - other,0,0,0,0,,,,,,,,,,2024,Encephalitis/Meningitis
Encephalitis/Meningitis - unknown,0,0,0,0,,,,,,,,,,2024,Encephalitis/Meningitis
Gastroenteritis,85,30,29,26,,,,,,,,,,2024,Outbreaks
Respiratory Infection,255,144,60,51,,,,,,,,,,2024,Outbreaks
Other,0,0,0,0,,,,,,,,,,2024,Outbreaks
AIDS,30,2,3,2,3,3,3,2,4,1,1,2,4,2020,Sexually Transmitted and Bloodborne
HIV ,411,55,53,55,22,20,30,31,28,34,28,26,29,2020,Sexually Transmitted and Bloodborne
Chlamydia,"10,393","1,381","1,173",916,481,506,663,829,919,967,861,914,783,2020,Sexually Transmitted and Bloodborne
Chancroid,0,0,0,0,0,0,0,0,0,0,0,0,0,2020,Sexually Transmitted and Bloodborne
Gonorrhea,"3,627",457,372,298,145,170,260,283,310,333,356,348,295,2020,Sexually Transmitted and Bloodborne
Hepatitis B - cases,4,1,2,0,0,0,0,0,1,0,0,0,0,2020,Sexually Transmitted and Bloodborne
Hepatitis B - carriers,364,72,47,9,13,7,13,15,40,46,34,36,32,2020,Sexually Transmitted and Bloodborne
Hepatitis B - unclassified,223,29,27,21,6,4,25,17,12,19,19,22,22,2020,Sexually Transmitted and Bloodborne
Hepatitis C,463,64,36,37,21,19,35,44,49,33,49,43,33,2020,Sexually Transmitted and Bloodborne
Ophthalmia neonatorum,1,0,0,0,0,0,0,0,0,0,0,1,0,2020,Sexually Transmitted and Bloodborne
"Syphilis, infectious","1,244",131,112,106,60,71,77,86,108,130,116,140,107,2020,Sexually Transmitted and Bloodborne
"Syphilis, other",256,38,29,23,10,10,7,20,18,29,22,23,27,2020,Sexually Transmitted and Bloodborne
Amebiasis,140,19,14,11,8,8,11,14,13,11,14,11,6,2020,"Enteric, Food and Waterborne"
Botulism,0,0,0,0,0,0,0,0,0,0,0,0,0,2020,"Enteric, Food and Waterborne"
Campylobacter enteritis,400,58,41,23,14,20,42,34,52,55,27,24,10,2020,"Enteric, Food and Waterborne"
Cholera,0,0,0,0,0,0,0,0,0,0,0,0,0,2020,"Enteric, Food and Waterborne"
Cryptosporidiosis,58,9,12,7,1,0,5,10,10,2,0,1,1,2020,"Enteric, Food and Waterborne"
Cyclosporiasis,65,0,0,1,0,2,19,36,6,0,1,0,0,2020,"Enteric, Food and Waterborne"
Food poisoning,10,0,1,0,0,9,0,0,0,0,0,0,0,2020,"Enteric, Food and Waterborne"
Giardiasis,228,31,45,28,6,3,10,19,28,19,24,10,5,2020,"Enteric, Food and Waterborne"
Hepatitis A,13,5,3,1,1,0,0,2,1,0,0,0,0,2020,"Enteric, Food and Waterborne"
Listeriosis,17,0,1,1,3,1,0,0,4,0,3,3,1,2020,"Enteric, Food and Waterborne"
Paralytic shellfish poisoning,0,0,0,0,0,0,0,0,0,0,0,0,0,2020,"Enteric, Food and Waterborne"
Paratyphoid fever,6,1,1,3,0,0,0,0,1,0,0,0,0,2020,"Enteric, Food and Waterborne"
Salmonellosis,291,37,28,27,8,14,31,34,36,23,19,13,21,2020,"Enteric, Food and Waterborne"
Shigellosis,93,19,18,5,6,3,9,8,3,4,3,9,6,2020,"Enteric, Food and Waterborne"
Trichinosis,1,0,0,0,1,0,0,0,0,0,0,0,0,2020,"Enteric, Food and Waterborne"
Typhoid fever,12,1,2,2,1,1,0,1,1,2,0,0,1,2020,"Enteric, Food and Waterborne"
Verotoxin-producing E. coli infection,20,4,2,2,1,1,2,1,3,1,3,0,0,2020,"Enteric, Food and Waterborne"
Yersiniosis,55,9,5,5,2,2,5,1,4,9,4,7,2,2020,"Enteric, Food and Waterborne"
Acute flaccid paralysis,0,0,0,0,0,0,0,0,0,0,0,0,0,2020,Vaccine Preventable 
Adverse vaccine reactions,57,7,10,5,0,3,0,2,3,0,5,7,15,2020,Vaccine Preventable 
Chickenpox,126,35,35,21,1,10,0,3,0,1,7,11,2,2020,Vaccine Preventable 
Diphtheria,0,0,0,0,0,0,0,0,0,0,0,0,0,2020,Vaccine Preventable 
"Haemophilus influenzae, invasive",15,3,6,0,1,2,0,0,0,0,2,0,1,2020,Vaccine Preventable 
Influenza - sporadic,"1,823","1,274",404,143,0,2,0,0,0,0,0,0,0,2020,Vaccine Preventable 
Influenza - outbreak associated,86,79,7,0,0,0,0,0,0,0,0,0,0,2020,Vaccine Preventable 
Measles,0,0,0,0,0,0,0,0,0,0,0,0,0,2020,Vaccine Preventable 
Mumps,25,8,11,5,0,1,0,0,0,0,0,0,0,2020,Vaccine Preventable 
Pertussis,16,2,9,4,1,0,0,0,0,0,0,0,0,2020,Vaccine Preventable 
Rubella,1,0,0,1,0,0,0,0,0,0,0,0,0,2020,Vaccine Preventable 
"Rubella, congenital syndrome",0,0,0,0,0,0,0,0,0,0,0,0,0,2020,Vaccine Preventable 
Tetanus,0,0,0,0,0,0,0,0,0,0,0,0,0,2020,Vaccine Preventable 
COVID-19,"67,040",4,14,"1,884","5,727","4,754","2,192",843,862,"5,181","8,761","15,026","21,792",2020,Direct Contact and Respiratory
Legionellosis,50,3,1,4,2,3,5,4,14,2,7,3,2,2020,Direct Contact and Respiratory
Leprosy,0,0,0,0,0,0,0,0,0,0,0,0,0,2020,Direct Contact and Respiratory
"Meningococcal disease, invasive",6,0,2,1,0,0,0,1,0,0,0,2,0,2020,Direct Contact and Respiratory
"Group A Streptococcal disease, invasive",182,31,21,27,18,20,9,11,9,5,7,10,14,2020,Direct Contact and Respiratory
"Group B Streptococcal disease, neonatal",13,0,0,2,1,0,1,0,1,2,2,3,1,2020,Direct Contact and Respiratory
"Pneumococcal disease, invasive",125,28,18,21,6,8,7,5,6,3,7,5,11,2020,Direct Contact and Respiratory
TB: Atypical mycobacterial infections,128,33,35,29,6,4,5,2,1,4,5,1,3,2020,Direct Contact and Respiratory
Tuberculosis,272,18,28,31,18,18,24,22,25,22,27,19,20,2020,Direct Contact and Respiratory
Brucellosis,3,1,0,1,0,0,0,0,0,1,0,0,0,2020,Vectorborne and Zoonotics
Echinoccoccus multilocularis infection,0,0,0,0,0,0,0,0,0,0,0,0,0,2020,Vectorborne and Zoonotics
Hemorrhagic fevers,0,0,0,0,0,0,0,0,0,0,0,0,0,2020,Vectorborne and Zoonotics
Lyme disease,48,0,1,0,0,4,12,8,11,6,4,2,0,2020,Vectorborne and Zoonotics
Q fever,1,0,1,0,0,0,0,0,0,0,0,0,0,2020,Vectorborne and Zoonotics
Rabies,0,0,0,0,0,0,0,0,0,0,0,0,0,2020,Vectorborne and Zoonotics
Tularemia,0,0,0,0,0,0,0,0,0,0,0,0,0,2020,Vectorborne and Zoonotics
West Nile Virus,35,0,0,0,0,0,0,1,23,8,2,0,1,2020,Vectorborne and Zoonotics
Blastomycosis,0,0,0,0,0,0,0,0,0,0,0,0,0,2020,Other
Carbapenamase-producing Enterobacteriaceae,71,15,13,5,4,0,4,4,8,5,4,4,5,2020,Other
Transmissible spongiform encephalopathy: Creutzfeldt-Jakob disease,4,0,1,0,0,1,1,0,0,1,0,0,0,2020,Other
Encephalitis/Meningitis - bacterial,5,1,0,0,0,0,2,0,0,1,1,0,0,2020,Encephalitis/Meningitis
Encephalitis/Meningitis - viral,25,3,4,3,0,1,2,3,1,2,3,2,1,2020,Encephalitis/Meningitis
Encephalitis/Meningitis - other,5,2,0,0,1,0,1,0,0,1,0,0,0,2020,Encephalitis/Meningitis
Encephalitis/Meningitis - unknown,0,0,0,0,0,0,0,0,0,0,0,0,0,2020,Encephalitis/Meningitis
Gastroenteritis,64,23,22,8,2,0,2,2,1,2,0,2,0,2020,Outbreaks
Respiratory Infection,857,64,16,61,102,58,29,9,9,36,105,122,246,2020,Outbreaks
Other,1,0,1,0,0,0,0,0,0,0,0,0,0,2020,Outbreaks
AIDS,19,4,1,1,1,5,0,2,2,0,3,0,0,2019,Sexually Transmitted and Bloodborne
HIV ,561,45,43,38,27,49,45,48,56,56,62,48,44,2019,Sexually Transmitted and Bloodborne
Chlamydia,"15,019","1,330","1,089","1,305","1,253","1,211","1,131","1,430","1,298","1,325","1,342","1,257","1,048",2019,Sexually Transmitted and Bloodborne
Chancroid,0,0,0,0,0,0,0,0,0,0,0,0,0,2019,Sexually Transmitted and Bloodborne
Gonorrhea,"4,894",451,323,399,402,368,362,482,443,432,486,413,333,2019,Sexually Transmitted and Bloodborne
Hepatitis B - cases,8,0,0,1,1,1,1,0,1,1,0,1,1,2019,Sexually Transmitted and Bloodborne
Hepatitis B - carriers,516,66,54,45,37,59,33,37,38,47,41,37,22,2019,Sexually Transmitted and Bloodborne
Hepatitis B - unclassified,505,37,39,46,38,35,49,42,36,43,47,45,48,2019,Sexually Transmitted and Bloodborne
Hepatitis C,722,60,44,64,73,70,67,57,73,58,61,55,40,2019,Sexually Transmitted and Bloodborne
Ophthalmia neonatorum,0,0,0,0,0,0,0,0,0,0,0,0,0,2019,Sexually Transmitted and Bloodborne
"Syphilis, infectious","1,302",132,107,130,120,91,99,126,94,117,123,93,70,2019,Sexually Transmitted and Bloodborne
"Syphilis, other",339,38,26,35,27,33,29,22,29,34,32,22,12,2019,Sexually Transmitted and Bloodborne
Amebiasis,234,24,25,19,19,10,17,25,26,19,15,21,14,2019,"Enteric, Food and Waterborne"
Botulism,0,0,0,0,0,0,0,0,0,0,0,0,0,2019,"Enteric, Food and Waterborne"
Campylobacter enteritis,750,48,50,48,51,49,77,90,91,91,79,40,36,2019,"Enteric, Food and Waterborne"
Cholera,1,0,0,1,0,0,0,0,0,0,0,0,0,2019,"Enteric, Food and Waterborne"
Cryptosporidiosis,145,7,7,7,12,9,10,16,19,19,12,17,10,2019,"Enteric, Food and Waterborne"
Cyclosporiasis,101,0,1,0,2,12,14,66,5,0,1,0,0,2019,"Enteric, Food and Waterborne"
Food poisoning,11,2,0,3,4,1,0,0,0,0,0,0,1,2019,"Enteric, Food and Waterborne"
Giardiasis,420,32,27,48,33,27,37,35,48,47,32,30,24,2019,"Enteric, Food and Waterborne"
Hepatitis A,51,2,2,4,6,4,6,8,4,5,2,5,3,2019,"Enteric, Food and Waterborne"
Listeriosis,13,1,1,1,1,3,1,1,1,0,2,0,1,2019,"Enteric, Food and Waterborne"
Paralytic shellfish poisoning,0,0,0,0,0,0,0,0,0,0,0,0,0,2019,"Enteric, Food and Waterborne"
Paratyphoid fever,10,0,1,0,0,1,2,0,2,1,1,0,2,2019,"Enteric, Food and Waterborne"
Salmonellosis,498,40,45,39,40,47,38,51,54,42,42,38,22,2019,"Enteric, Food and Waterborne"
Shigellosis,130,17,9,18,11,11,7,13,8,11,9,8,8,2019,"Enteric, Food and Waterborne"
Trichinosis,2,1,0,0,0,0,1,0,0,0,0,0,0,2019,"Enteric, Food and Waterborne"
Typhoid fever,27,3,1,3,3,4,0,0,4,2,5,2,0,2019,"Enteric, Food and Waterborne"
Verotoxin-producing E. coli infection,41,1,2,2,0,3,3,8,8,6,5,2,1,2019,"Enteric, Food and Waterborne"
Yersiniosis,89,4,5,9,8,10,4,10,7,13,7,7,5,2019,"Enteric, Food and Waterborne"
Acute flaccid paralysis,0,0,0,0,0,0,0,0,0,0,0,0,0,2019,Vaccine Preventable 
Adverse vaccine reactions,100,10,9,8,5,6,6,8,3,4,9,22,10,2019,Vaccine Preventable 
Chickenpox,511,38,40,51,71,59,51,36,18,48,45,23,31,2019,Vaccine Preventable 
Diphtheria,0,0,0,0,0,0,0,0,0,0,0,0,0,2019,Vaccine Preventable 
"Haemophilus influenzae, invasive",53,7,1,6,4,4,5,4,3,2,7,4,6,2019,Vaccine Preventable 
Influenza - sporadic,"2,533",764,304,285,256,73,16,2,5,5,7,55,761,2019,Vaccine Preventable 
Influenza - outbreak associated,307,100,60,65,26,18,0,0,0,0,0,5,33,2019,Vaccine Preventable 
Measles,6,0,1,2,0,2,0,0,0,0,0,1,0,2019,Vaccine Preventable 
Mumps,32,0,0,1,2,1,3,4,5,2,2,7,5,2019,Vaccine Preventable 
Pertussis,67,7,4,2,5,4,7,10,8,6,5,6,3,2019,Vaccine Preventable 
Rubella,0,0,0,0,0,0,0,0,0,0,0,0,0,2019,Vaccine Preventable 
"Rubella, congenital syndrome",0,0,0,0,0,0,0,0,0,0,0,0,0,2019,Vaccine Preventable 
Tetanus,0,0,0,0,0,0,0,0,0,0,0,0,0,2019,Vaccine Preventable 
Legionellosis,70,2,1,2,2,2,6,6,18,5,8,2,16,2019,Direct Contact and Respiratory
Leprosy,1,0,1,0,0,0,0,0,0,0,0,0,0,2019,Direct Contact and Respiratory
"Meningococcal disease, invasive",6,1,1,1,0,0,0,1,1,0,1,0,0,2019,Direct Contact and Respiratory
"Group A Streptococcal disease, invasive",219,18,18,16,20,19,15,15,17,14,26,22,19,2019,Direct Contact and Respiratory
"Group B Streptococcal disease, neonatal",11,3,0,0,1,0,1,1,3,0,0,2,0,2019,Direct Contact and Respiratory
"Pneumococcal disease, invasive",244,30,23,18,26,24,16,8,5,16,29,16,33,2019,Direct Contact and Respiratory
TB: Atypical mycobacterial infections,394,34,31,38,39,37,28,28,31,33,34,33,28,2019,Direct Contact and Respiratory
Tuberculosis,328,37,26,28,29,26,23,30,24,28,32,25,20,2019,Direct Contact and Respiratory
Brucellosis,2,0,1,0,1,0,0,0,0,0,0,0,0,2019,Vectorborne and Zoonotics
Echinoccoccus multilocularis infection,0,0,0,0,0,0,0,0,0,0,0,0,0,2019,Vectorborne and Zoonotics
Hemorrhagic fevers,0,0,0,0,0,0,0,0,0,0,0,0,0,2019,Vectorborne and Zoonotics
Lyme disease,86,1,0,0,0,6,14,29,22,7,2,4,1,2019,Vectorborne and Zoonotics
Q fever,0,0,0,0,0,0,0,0,0,0,0,0,0,2019,Vectorborne and Zoonotics
Rabies,0,0,0,0,0,0,0,0,0,0,0,0,0,2019,Vectorborne and Zoonotics
Tularemia,0,0,0,0,0,0,0,0,0,0,0,0,0,2019,Vectorborne and Zoonotics
West Nile Virus,9,0,0,0,0,0,0,1,1,6,1,0,0,2019,Vectorborne and Zoonotics
Blastomycosis,1,0,0,0,0,1,0,0,0,0,0,0,0,2019,Other
Carbapenamase-producing Enterobacteriaceae,110,3,4,4,13,11,10,9,7,14,17,10,8,2019,Other
Transmissible spongiform encephalopathy: Creutzfeldt-Jakob disease,1,0,0,0,1,0,0,0,0,0,0,0,0,2019,Other
Encephalitis/Meningitis - bacterial,18,3,0,1,2,3,2,2,0,3,1,0,1,2019,Other
Encephalitis/Meningitis - viral,47,2,2,2,3,5,6,4,2,5,10,3,3,2019,Other
Encephalitis/Meningitis - other,3,0,1,0,0,1,0,0,1,0,0,0,0,2019,Other
Encephalitis/Meningitis - unknown,4,1,1,1,1,0,0,0,0,0,0,0,0,2019,Other
Gastroenteritis,138,21,21,27,19,6,6,2,6,6,5,8,11,2019,Outbreaks
Respiratory Infection,258,61,38,40,20,14,12,14,6,12,11,7,23,2019,Outbreaks
Other,5,0,0,1,0,0,0,0,0,2,1,1,0,2019,Outbreaks
AIDS,20,3,0,2,2,2,3,2,3,1,0,2,0,2018,Sexually Transmitted and Bloodborne
HIV ,522,34,30,32,46,41,53,55,40,42,51,48,50,2018,Sexually Transmitted and Bloodborne
Chlamydia,"13,885","1,120",951,"1,115","1,088","1,120","1,126","1,211","1,249","1,272","1,324","1,246",1063,2018,Sexually Transmitted and Bloodborne
Chancroid,0,0,0,0,0,0,0,0,0,0,0,0,0,2018,Sexually Transmitted and Bloodborne
Gonorrhea,"4,552",309,285,257,310,326,432,447,475,417,461,434,399,2018,Sexually Transmitted and Bloodborne
Hepatitis B - cases,6,0,2,1,1,1,0,0,1,0,0,0,0,2018,Sexually Transmitted and Bloodborne
Hepatitis B - carriers,474,49,46,48,42,43,38,31,35,33,48,39,22,2018,Sexually Transmitted and Bloodborne
Hepatitis B - unclassified,622,32,39,41,67,60,49,52,54,44,66,66,52,2018,Sexually Transmitted and Bloodborne
Hepatitis C,684,69,62,78,61,86,63,52,48,42,66,44,13,2018,Sexually Transmitted and Bloodborne
Ophthalmia neonatorum,0,0,0,0,0,0,0,0,0,0,0,0,0,2018,Sexually Transmitted and Bloodborne
"Syphilis, infectious","1,091",88,76,100,92,106,87,100,99,95,91,84,73,2018,Sexually Transmitted and Bloodborne
"Syphilis, other",334,29,26,29,27,29,31,22,37,33,31,30,10,2018,Sexually Transmitted and Bloodborne
Amebiasis,233,16,19,22,17,15,30,22,21,24,15,13,19,2018,"Enteric, Food and Waterborne"
Botulism,1,0,0,0,1,0,0,0,0,0,0,0,0,2018,"Enteric, Food and Waterborne"
Campylobacter enteritis,746,51,41,37,40,58,62,97,115,87,63,62,33,2018,"Enteric, Food and Waterborne"
Cholera,0,0,0,0,0,0,0,0,0,0,0,0,0,2018,"Enteric, Food and Waterborne"
Cryptosporidiosis,134,10,7,11,10,9,15,18,23,20,5,2,4,2018,"Enteric, Food and Waterborne"
Cyclosporiasis,56,0,1,2,2,11,27,10,2,0,0,0,1,2018,"Enteric, Food and Waterborne"
Food poisoning,12,4,1,1,2,0,0,0,0,0,0,0,4,2018,"Enteric, Food and Waterborne"
Giardiasis,422,38,35,49,29,41,33,42,42,28,39,22,24,2018,"Enteric, Food and Waterborne"
Hepatitis A,38,3,4,2,1,1,3,3,7,4,5,1,4,2018,"Enteric, Food and Waterborne"
Listeriosis,16,1,3,3,1,2,0,2,1,0,1,1,1,2018,"Enteric, Food and Waterborne"
Paralytic shellfish poisoning,0,0,0,0,0,0,0,0,0,0,0,0,0,2018,"Enteric, Food and Waterborne"
Paratyphoid fever,6,0,0,1,1,0,1,0,2,0,0,0,1,2018,"Enteric, Food and Waterborne"
Salmonellosis,539,42,25,45,30,40,41,67,60,58,58,36,37,2018,"Enteric, Food and Waterborne"
Shigellosis,162,17,12,16,10,10,4,14,12,13,21,19,14,2018,"Enteric, Food and Waterborne"
Trichinosis,1,0,0,0,1,0,0,0,0,0,0,0,0,2018,"Enteric, Food and Waterborne"
Typhoid fever,28,0,2,5,4,4,1,5,0,2,1,1,3,2018,"Enteric, Food and Waterborne"
Verotoxin-producing E. coli infection,24,2,1,0,0,3,1,3,6,5,1,2,0,2018,"Enteric, Food and Waterborne"
Yersiniosis,88,6,10,10,10,2,8,10,8,7,9,4,4,2018,"Enteric, Food and Waterborne"
Acute flaccid paralysis,4,0,0,0,0,0,0,0,0,1,2,1,0,2018,Vaccine Preventable (Routine Use)
Adverse vaccine reactions,80,3,3,9,5,2,10,4,2,6,10,17,9,2018,Vaccine Preventable (Routine Use)
Chickenpox,462,43,31,36,43,60,56,28,18,34,41,52,20,2018,Vaccine Preventable (Routine Use)
Diphtheria,0,0,0,0,0,0,0,0,0,0,0,0,0,2018,Vaccine Preventable (Routine Use)
"Haemophilus influenzae, invasive",31,0,0,0,1,3,3,9,2,3,5,4,1,2018,Vaccine Preventable (Routine Use)
Influenza - sporadic,"3,873","1,213","1,093",614,243,32,5,5,1,4,21,60,582,2018,Vaccine Preventable (Routine Use)
Influenza - outbreak associated,686,214,215,134,78,11,1,0,0,0,5,10,18,2018,Vaccine Preventable (Routine Use)
Measles,6,0,0,1,0,2,1,1,0,0,0,0,1,2018,Vaccine Preventable (Routine Use)
Mumps,14,3,0,1,0,4,2,1,0,1,2,0,0,2018,Vaccine Preventable (Routine Use)
Pertussis,65,4,7,4,2,4,2,10,7,11,3,6,5,2018,Vaccine Preventable (Routine Use)
Rubella,0,0,0,0,0,0,0,0,0,0,0,0,0,2018,Vaccine Preventable (Routine Use)
"Rubella, congenital syndrome",0,0,0,0,0,0,0,0,0,0,0,0,0,2018,Vaccine Preventable (Routine Use)
Tetanus,0,0,0,0,0,0,0,0,0,0,0,0,0,2018,Vaccine Preventable (Routine Use)
Legionellosis,68,0,2,1,1,2,6,6,20,10,11,9,0,2018,Direct Contact and Respiratory
Leprosy,2,0,1,0,1,0,0,0,0,0,0,0,0,2018,Direct Contact and Respiratory
"Meningococcal disease, invasive",3,1,0,0,0,0,0,1,1,0,0,0,0,2018,Direct Contact and Respiratory
"Group A Streptococcal disease, invasive",185,21,17,16,17,22,22,13,12,13,7,13,12,2018,Direct Contact and Respiratory
"Group B Streptococcal disease, neonatal",13,0,2,3,0,1,1,0,1,0,1,4,0,2018,Direct Contact and Respiratory
"Pneumococcal disease, invasive",265,37,28,28,24,23,16,15,7,14,24,14,35,2018,Direct Contact and Respiratory
TB: Atypical mycobacterial infections,405,46,34,55,27,28,23,28,40,22,28,50,24,2018,Direct Contact and Respiratory
Tuberculosis,295,13,11,26,22,32,30,34,27,18,28,28,26,2018,Direct Contact and Respiratory
Brucellosis,3,0,0,0,0,0,0,0,0,1,0,1,1,2018,Vectorborne and Zoonotics
Echinoccoccus multilocularis infection,0,0,0,0,0,0,0,0,0,0,0,0,0,2018,Vectorborne and Zoonotics
Hemorrhagic fevers,0,0,0,0,0,0,0,0,0,0,0,0,0,2018,Vectorborne and Zoonotics
Lyme disease,48,0,0,0,0,3,12,16,6,8,3,0,0,2018,Vectorborne and Zoonotics
Malaria,10,7,1,0,2,0,0,0,0,0,0,0,,2018,Vectorborne and Zoonotics
Q fever,1,0,0,0,0,0,0,0,0,0,1,0,0,2018,Vectorborne and Zoonotics
Rabies,0,0,0,0,0,0,0,0,0,0,0,0,0,2018,Vectorborne and Zoonotics
Tularemia,0,0,0,0,0,0,0,0,0,0,0,0,0,2018,Vectorborne and Zoonotics
West Nile Virus,39,0,0,0,0,0,0,5,24,9,1,0,0,2018,Vectorborne and Zoonotics
Yellow Fever,0,0,0,0,0,0,0,0,0,0,0,0,0,2018,Vectorborne and Zoonotics
Blastomycosis,11,3,1,0,1,0,1,2,1,0,1,0,1,2018,Other
Carbapenamase-producing Enterobacteriaceae,56,0,0,0,3,10,10,8,10,4,5,5,1,2018,Other
Transmissible spongiform encephalopathy: Creutzfeldt-Jakob disease,6,0,1,1,1,2,0,0,1,0,0,0,0,2018,Other
Encephalitis/Meningitis - bacterial,30,1,3,2,4,2,1,2,1,2,7,3,2,2018,Encephalitis/Meningitis
Encephalitis/Meningitis - viral,51,5,2,4,1,3,2,3,14,7,1,3,6,2018,Encephalitis/Meningitis
Encephalitis/Meningitis - other,6,2,0,0,0,0,0,0,1,0,1,2,0,2018,Encephalitis/Meningitis
Encephalitis/Meningitis - unknown,2,0,1,0,0,0,0,0,0,0,0,0,1,2018,Encephalitis/Meningitis
Gastroenteritis,153,50,25,17,13,5,3,1,2,2,2,19,14,2018,Outbreaks
Respiratory Infection,358,96,72,48,37,12,7,12,8,17,17,12,20,2018,Outbreaks
Other,3,0,0,0,0,0,0,0,1,0,1,0,1,2018,Outbreaks
AIDS,17,0,1,2,2,1,0,5,0,1,2,2,1,2017,Sexually Transmitted and Bloodborne
HIV ,501,35,36,35,45,37,49,54,46,43,53,42,26,2017,Sexually Transmitted and Bloodborne
Chlamydia,"12,591","1,068",912,"1,046",937,"1,067","1,034","1,106","1,204","1,056","1,111","1,156",894,2017,Sexually Transmitted and Bloodborne
Chancroid,0,0,0,0,0,0,0,0,0,0,0,0,0,2017,Sexually Transmitted and Bloodborne
Gonorrhea,"3,320",227,189,236,244,251,279,330,314,336,335,305,274,2017,Sexually Transmitted and Bloodborne
Hepatitis B - cases,6,1,3,0,1,0,0,0,0,0,1,0,0,2017,Sexually Transmitted and Bloodborne
Hepatitis B - carriers,521,70,43,61,44,49,48,41,32,38,36,40,19,2017,Sexually Transmitted and Bloodborne
Hepatitis B - unclassified,560,29,48,43,33,45,51,70,40,45,63,40,53,2017,Sexually Transmitted and Bloodborne
Hepatitis C,675,66,66,56,59,55,49,66,59,55,61,58,25,2017,Sexually Transmitted and Bloodborne
Ophthalmia neonatorum,0,0,0,0,0,0,0,0,0,0,0,0,0,2017,Sexually Transmitted and Bloodborne
"Syphilis, infectious",928,95,85,76,75,74,69,96,92,74,70,82,40,2017,Sexually Transmitted and Bloodborne
"Syphilis, other",247,27,22,30,23,24,29,18,15,17,16,18,8,2017,Sexually Transmitted and Bloodborne
Amebiasis,375,38,31,37,41,38,34,40,37,25,24,17,13,2017,"Enteric, Food and Waterborne"
Botulism,0,0,0,0,0,0,0,0,0,0,0,0,0,2017,"Enteric, Food and Waterborne"
Campylobacter enteritis,831,51,40,42,71,79,84,114,119,84,62,52,33,2017,"Enteric, Food and Waterborne"
Cholera,2,0,0,0,1,0,0,0,0,0,1,0,0,2017,"Enteric, Food and Waterborne"
Cryptosporidiosis,62,5,4,2,2,3,3,9,11,9,7,4,3,2017,"Enteric, Food and Waterborne"
Cyclosporiasis,106,0,0,2,1,13,54,26,6,3,1,0,0,2017,"Enteric, Food and Waterborne"
Food poisoning,22,9,3,1,1,0,0,0,1,1,0,6,0,2017,"Enteric, Food and Waterborne"
Giardiasis,397,38,25,31,42,24,29,34,40,37,32,29,36,2017,"Enteric, Food and Waterborne"
Hepatitis A,63,3,0,6,1,3,4,4,4,5,10,19,4,2017,"Enteric, Food and Waterborne"
Listeriosis,14,2,0,0,2,1,1,1,2,1,0,3,1,2017,"Enteric, Food and Waterborne"
Paralytic shellfish poisoning,0,0,0,0,0,0,0,0,0,0,0,0,0,2017,"Enteric, Food and Waterborne"
Paratyphoid fever,4,0,0,1,0,0,0,0,1,1,0,1,0,2017,"Enteric, Food and Waterborne"
Salmonellosis,617,46,35,47,68,60,56,66,54,65,46,35,39,2017,"Enteric, Food and Waterborne"
Shigellosis,137,6,4,9,8,7,7,17,10,14,21,16,18,2017,"Enteric, Food and Waterborne"
Trichinosis,1,0,0,0,0,0,0,0,1,0,0,0,0,2017,"Enteric, Food and Waterborne"
Typhoid fever,33,1,1,3,5,5,0,3,0,5,2,2,6,2017,"Enteric, Food and Waterborne"
Verotoxin-producing E. coli infection,26,1,2,2,0,2,2,5,3,3,2,3,1,2017,"Enteric, Food and Waterborne"
Yersiniosis,64,6,2,11,3,7,6,6,5,6,2,3,7,2017,"Enteric, Food and Waterborne"
Acute flaccid paralysis,1,0,1,0,0,0,0,0,0,0,0,0,0,2017,Vaccine Preventable (Routine Use)
Adverse vaccine reactions,77,4,7,7,5,6,5,4,4,5,8,13,9,2017,Vaccine Preventable (Routine Use)
Chickenpox,471,25,33,32,52,46,31,14,21,37,74,63,43,2017,Vaccine Preventable (Routine Use)
Diphtheria,0,0,0,0,0,0,0,0,0,0,0,0,0,2017,Vaccine Preventable (Routine Use)
"Haemophilus influenzae b, invasive",1,0,0,1,0,0,0,0,0,0,0,0,0,2017,Vaccine Preventable (Routine Use)
Influenza - sporadic,"2,300","1,127",384,233,139,70,10,8,6,16,15,48,244,2017,Vaccine Preventable (Routine Use)
Influenza - outbreak associated,497,277,69,64,21,15,0,0,2,0,0,6,43,2017,Vaccine Preventable (Routine Use)
Measles,5,0,0,3,0,0,0,0,2,0,0,0,0,2017,Vaccine Preventable (Routine Use)
Mumps,138,6,25,39,8,11,3,2,7,14,15,6,2,2017,Vaccine Preventable (Routine Use)
Pertussis,56,6,2,4,1,3,1,9,5,6,10,7,2,2017,Vaccine Preventable (Routine Use)
Rubella,0,0,0,0,0,0,0,0,0,0,0,0,0,2017,Vaccine Preventable (Routine Use)
"Rubella, congenital syndrome",0,0,0,0,0,0,0,0,0,0,0,0,0,2017,Vaccine Preventable (Routine Use)
Tetanus,0,0,0,0,0,0,0,0,0,0,0,0,0,2017,Vaccine Preventable (Routine Use)
Legionellosis,37,3,2,0,1,3,2,6,8,3,6,0,3,2017,Direct Contact and Respiratory
Leprosy,0,0,0,0,0,0,0,0,0,0,0,0,0,2017,Direct Contact and Respiratory
"Meningococcal disease, invasive",5,0,0,0,0,1,2,1,0,0,1,0,0,2017,Direct Contact and Respiratory
"Group A Streptococcal disease, invasive",134,14,16,14,18,10,8,11,7,2,11,7,16,2017,Direct Contact and Respiratory
"Group B Streptococcal disease, neonatal",8,0,0,1,1,0,2,0,1,0,0,2,1,2017,Direct Contact and Respiratory
"Pneumococcal disease, invasive",206,34,13,14,26,18,12,8,10,13,15,20,23,2017,Direct Contact and Respiratory
TB: Atypical mycobacterial infections,453,50,37,38,35,38,47,18,40,44,41,43,22,2017,Direct Contact and Respiratory
Tuberculosis,290,15,18,32,24,29,25,29,15,27,26,26,24,2017,Direct Contact and Respiratory
Brucellosis,1,0,0,0,0,0,0,0,0,1,0,0,0,2017,Vectorborne and Zoonotics
Hemorrhagic fevers,0,0,0,0,0,0,0,0,0,0,0,0,0,2017,Vectorborne and Zoonotics
Lyme disease,76,0,1,0,0,1,13,33,18,5,4,1,0,2017,Vectorborne and Zoonotics
Malaria,66,4,2,7,4,8,7,8,5,7,8,2,4,2017,Vectorborne and Zoonotics
Q fever,4,0,0,0,1,0,1,0,0,0,0,1,1,2017,Vectorborne and Zoonotics
Rabies,0,0,0,0,0,0,0,0,0,0,0,0,0,2017,Vectorborne and Zoonotics
Tularemia,0,0,0,0,0,0,0,0,0,0,0,0,0,2017,Vectorborne and Zoonotics
West Nile Virus,28,0,0,0,0,0,0,0,17,10,1,0,0,2017,Vectorborne and Zoonotics
Yellow Fever,0,0,0,0,0,0,0,0,0,0,0,0,0,2017,Vectorborne and Zoonotics
Transmissible spongiform encephalopathy: Creutzfeldt-Jakob disease,5,0,2,0,1,1,1,0,0,0,0,0,0,2017,Human Prion Disease
Encephalitis/Meningitis - bacterial,19,2,1,0,3,0,2,1,2,3,2,2,1,2017,Encephalitis/Meningitis
Encephalitis/Meningitis - viral,47,6,2,3,3,2,8,5,8,4,2,2,2,2017,Encephalitis/Meningitis
Encephalitis/Meningitis - other,3,0,0,0,0,0,1,1,0,0,0,0,1,2017,Encephalitis/Meningitis
Encephalitis/Meningitis - unknown,15,0,1,0,1,0,0,1,4,4,2,2,0,2017,Encephalitis/Meningitis
Gastroenteritis,105,29,14,11,1,3,5,2,3,5,3,13,16,2017,Outbreaks
Respiratory Infection,305,96,31,28,19,20,9,6,24,10,9,11,42,2017,Outbreaks
AIDS,18,1,0,1,0,1,0,4,0,3,6,1,1,2021,Sexually Transmitted and Bloodborne
HIV ,320,26,29,24,17,17,29,37,23,26,45,27,20,2021,Sexually Transmitted and Bloodborne
Chlamydia,"10,378",803,769,823,762,682,794,785,"1,000","1,090",970,"1,027",873,2021,Sexually Transmitted and Bloodborne
Chancroid,0,0,0,0,0,0,0,0,0,0,0,0,0,2021,Sexually Transmitted and Bloodborne
Gonorrhea,"3,740",316,273,291,216,196,250,270,344,427,428,429,300,2021,Sexually Transmitted and Bloodborne
Hepatitis B - cases,0,0,0,0,0,0,0,0,0,0,0,0,0,2021,Sexually Transmitted and Bloodborne
Hepatitis B - carriers,364,43,36,31,37,27,36,30,23,21,26,30,24,2021,Sexually Transmitted and Bloodborne
Hepatitis B - unclassified,310,17,21,28,29,24,30,22,25,27,28,35,24,2021,Sexually Transmitted and Bloodborne
Hepatitis C,469,43,21,49,47,45,42,20,33,38,40,56,35,2021,Sexually Transmitted and Bloodborne
Ophthalmia neonatorum,0,0,0,0,0,0,0,0,0,0,0,0,0,2021,Sexually Transmitted and Bloodborne
"Syphilis, infectious","1,423",131,114,118,105,101,115,88,112,144,126,146,123,2021,Sexually Transmitted and Bloodborne
"Syphilis, other",431,33,30,44,30,34,34,47,33,25,36,50,35,2021,Sexually Transmitted and Bloodborne
Amebiasis,101,6,4,4,8,2,12,11,16,12,10,8,8,2021,"Enteric, Food and Waterborne"
Botulism,0,0,0,0,0,0,0,0,0,0,0,0,0,2021,"Enteric, Food and Waterborne"
Campylobacter enteritis,353,25,25,8,7,19,27,51,44,42,55,26,24,2021,"Enteric, Food and Waterborne"
Cholera,0,0,0,0,0,0,0,0,0,0,0,0,0,2021,"Enteric, Food and Waterborne"
Cryptosporidiosis,62,1,0,0,0,1,4,7,26,7,4,4,8,2021,"Enteric, Food and Waterborne"
Cyclosporiasis,15,0,0,0,0,0,2,5,1,2,0,1,4,2021,"Enteric, Food and Waterborne"
Food poisoning,0,0,0,0,0,0,0,0,0,0,0,0,0,2021,"Enteric, Food and Waterborne"
Giardiasis,156,11,10,12,9,9,9,15,17,19,19,16,10,2021,"Enteric, Food and Waterborne"
Hepatitis A,14,1,0,0,0,1,2,0,0,2,3,4,1,2021,"Enteric, Food and Waterborne"
Listeriosis,20,3,0,1,1,1,3,5,0,3,1,2,0,2021,"Enteric, Food and Waterborne"
Paralytic shellfish poisoning,0,0,0,0,0,0,0,0,0,0,0,0,0,2021,"Enteric, Food and Waterborne"
Paratyphoid fever,3,0,0,1,0,0,0,0,0,0,2,0,0,2021,"Enteric, Food and Waterborne"
Salmonellosis,254,12,10,9,10,13,17,46,25,39,24,23,26,2021,"Enteric, Food and Waterborne"
Shigellosis,65,6,5,7,2,4,4,6,6,3,9,8,5,2021,"Enteric, Food and Waterborne"
Trichinosis,0,0,0,0,0,0,0,0,0,0,0,0,0,2021,"Enteric, Food and Waterborne"
Typhoid fever,5,0,1,0,1,0,0,0,1,0,0,2,0,2021,"Enteric, Food and Waterborne"
Verotoxin-producing E. coli infection,25,0,0,0,2,3,3,2,3,6,3,2,1,2021,"Enteric, Food and Waterborne"
Yersiniosis,82,8,7,10,4,3,5,6,13,8,6,8,4,2021,"Enteric, Food and Waterborne"
Acute flaccid paralysis,0,0,0,0,0,0,0,0,0,0,0,0,0,2021,Vaccine Preventable 
Adverse vaccine reactions,54,10,5,7,5,1,2,0,1,2,5,8,8,2021,Vaccine Preventable 
Chickenpox,105,5,10,10,4,5,2,2,14,13,8,21,11,2021,Vaccine Preventable 
Diphtheria,0,0,0,0,0,0,0,0,0,0,0,0,0,2021,Vaccine Preventable 
"Haemophilus influenzae, invasive4",8,1,2,0,0,1,0,0,2,1,1,0,0,2021,Vaccine Preventable 
Influenza - sporadic,17,2,1,0,0,0,0,1,0,1,0,4,8,2021,Vaccine Preventable 
Influenza - outbreak associated,0,0,0,0,0,0,0,0,0,0,0,0,0,2021,Vaccine Preventable 
Measles,0,0,0,0,0,0,0,0,0,0,0,0,0,2021,Vaccine Preventable 
Mumps,1,1,0,0,0,0,0,0,0,0,0,0,0,2021,Vaccine Preventable 
Pertussis,0,0,0,0,0,0,0,0,0,0,0,0,0,2021,Vaccine Preventable 
Rubella,0,0,0,0,0,0,0,0,0,0,0,0,0,2021,Vaccine Preventable 
"Rubella, congenital syndrome",0,0,0,0,0,0,0,0,0,0,0,0,0,2021,Vaccine Preventable 
Tetanus,0,0,0,0,0,0,0,0,0,0,0,0,0,2021,Vaccine Preventable 
COVID-19,"178,767","22,426","9,847","18,549","35,194","15,106","1,909",990,"4,094","3,960","2,086","2,768","61,838",2021,Direct Contact and Respiratory
Legionellosis,77,2,2,2,4,2,8,14,12,9,14,8,0,2021,Direct Contact and Respiratory
Leprosy,0,0,0,0,0,0,0,0,0,0,0,0,0,2021,Direct Contact and Respiratory
"Meningococcal disease, invasive",4,0,0,0,0,1,0,2,1,0,0,0,0,2021,Direct Contact and Respiratory
"Group A Streptococcal disease, invasive",119,14,11,8,9,6,12,9,11,6,9,11,13,2021,Direct Contact and Respiratory
"Group B Streptococcal disease, neonatal",9,1,2,0,0,2,2,0,0,0,0,1,1,2021,Direct Contact and Respiratory
"Pneumococcal disease, invasive",96,8,9,6,12,5,6,2,9,6,7,9,17,2021,Direct Contact and Respiratory
TB: Atypical mycobacterial infections,36,3,4,3,1,2,5,3,2,3,3,3,4,2021,Direct Contact and Respiratory
Tuberculosis,284,18,27,20,22,27,28,24,31,13,25,26,23,2021,Direct Contact and Respiratory
Brucellosis,1,0,0,0,0,0,0,0,0,1,0,0,0,2021,Vectorborne and Zoonotics
Echinoccoccus multilocularis infection4,0,0,0,0,0,0,0,0,0,0,0,0,0,2021,Vectorborne and Zoonotics
Hemorrhagic fevers,0,0,0,0,0,0,0,0,0,0,0,0,0,2021,Vectorborne and Zoonotics
Lyme disease,136,0,1,2,2,6,38,40,25,14,5,3,0,2021,Vectorborne and Zoonotics
Q fever,0,0,0,0,0,0,0,0,0,0,0,0,0,2021,Vectorborne and Zoonotics
Rabies,0,0,0,0,0,0,0,0,0,0,0,0,0,2021,Vectorborne and Zoonotics
Tularemia,0,0,0,0,0,0,0,0,0,0,0,0,0,2021,Vectorborne and Zoonotics
West Nile Virus,8,0,0,0,0,0,0,0,2,5,1,0,0,2021,Vectorborne and Zoonotics
Blastomycosis,7,0,0,1,0,0,3,1,0,0,1,0,1,2021,Other
Carbapenamase-producing Enterobacteriaceae,69,2,2,3,6,2,4,4,5,11,12,12,6,2021,Other
Transmissible spongiform encephalopathy: Creutzfeldt-Jakob disease,3,0,1,0,0,0,0,0,0,1,0,0,1,2021,Other
Encephalitis/Meningitis - bacterial,0,0,0,0,0,0,0,0,0,0,0,0,0,2021,Encephalitis/Meningitis
Encephalitis/Meningitis - viral,0,0,0,0,0,0,0,0,0,0,0,0,0,2021,Encephalitis/Meningitis
Encephalitis/Meningitis - other,0,0,0,0,0,0,0,0,0,0,0,0,0,2021,Encephalitis/Meningitis
Encephalitis/Meningitis - unknown,0,0,0,0,0,0,0,0,0,0,0,0,0,2021,Encephalitis/Meningitis
Gastroenteritis,14,1,1,1,1,0,0,2,1,1,1,1,4,2021,Outbreaks
Respiratory Infection,"1,210",113,89,230,201,63,9,8,20,63,37,76,301,2021,Outbreaks
Other,0,0,0,0,0,0,0,0,0,0,0,0,0,2021,Outbreaks
AIDS,26,3,4,1,2,2,4,3,2,2,1,1,1,2022,Sexually Transmitted and Bloodborne
HIV ,511,34,28,36,38,47,41,44,48,56,48,41,50,2022,Sexually Transmitted and Bloodborne
Chlamydia,"11,915",774,814,"1,101",981,"1,026","1,075",952,"1,019","1,080",983,"1,181",929,2022,Sexually Transmitted and Bloodborne
Chancroid,0,0,0,0,0,0,0,0,0,0,0,0,0,2022,Sexually Transmitted and Bloodborne
Gonorrhea,"5,327",321,303,478,440,469,495,466,458,472,465,520,440,2022,Sexually Transmitted and Bloodborne
Hepatitis B - cases,4,0,1,0,0,1,0,0,0,0,1,0,1,2022,Sexually Transmitted and Bloodborne
Hepatitis B - carriers,234,22,17,22,14,24,11,14,26,29,22,18,15,2022,Sexually Transmitted and Bloodborne
Hepatitis B - unclassified,544,32,26,50,46,43,46,51,39,64,38,62,47,2022,Sexually Transmitted and Bloodborne
Hepatitis C,483,38,30,51,33,46,40,48,57,43,34,33,30,2022,Sexually Transmitted and Bloodborne
Ophthalmia neonatorum,1,0,0,0,0,0,0,0,0,1,0,0,0,2022,Sexually Transmitted and Bloodborne
"Syphilis, infectious","1,724",130,128,141,144,136,137,156,167,138,137,172,138,2022,Sexually Transmitted and Bloodborne
"Syphilis, other",666,39,46,51,51,47,53,53,67,65,71,71,52,2022,Sexually Transmitted and Bloodborne
Amebiasis,148,6,10,8,11,20,18,19,10,9,11,13,13,2022,"Enteric, Food and Waterborne"
Botulism,1,0,0,0,0,0,0,0,0,0,1,0,0,2022,"Enteric, Food and Waterborne"
Campylobacter enteritis,390,14,16,34,23,28,44,44,47,43,40,30,27,2022,"Enteric, Food and Waterborne"
Cholera,2,0,1,0,0,0,1,0,0,0,0,0,0,2022,"Enteric, Food and Waterborne"
Cryptosporidiosis,69,3,4,6,2,6,2,12,18,5,5,5,1,2022,"Enteric, Food and Waterborne"
Cyclosporiasis,154,0,0,0,1,12,79,43,9,4,1,2,3,2022,"Enteric, Food and Waterborne"
Food poisoning,20,0,0,9,0,2,0,0,5,4,0,0,0,2022,"Enteric, Food and Waterborne"
Giardiasis,184,12,12,14,18,11,17,20,20,25,12,8,15,2022,"Enteric, Food and Waterborne"
Hepatitis A,18,2,1,1,1,1,0,1,0,5,1,2,3,2022,"Enteric, Food and Waterborne"
Listeriosis,19,2,1,1,2,1,0,2,2,3,1,2,2,2022,"Enteric, Food and Waterborne"
Paralytic shellfish poisoning,0,0,0,0,0,0,0,0,0,0,0,0,0,2022,"Enteric, Food and Waterborne"
Paratyphoid fever,11,0,1,1,3,0,2,0,1,3,0,0,0,2022,"Enteric, Food and Waterborne"
Salmonellosis,324,17,16,18,23,45,27,36,32,33,37,20,20,2022,"Enteric, Food and Waterborne"
Shigellosis,116,3,6,10,5,8,7,9,10,31,12,8,7,2022,"Enteric, Food and Waterborne"
Trichinosis,0,0,0,0,0,0,0,0,0,0,0,0,0,2022,"Enteric, Food and Waterborne"
Typhoid fever,27,1,2,3,3,3,1,0,3,7,1,0,3,2022,"Enteric, Food and Waterborne"
Verotoxin-producing E. coli infection,40,0,2,4,2,2,5,6,6,3,4,1,5,2022,"Enteric, Food and Waterborne"
Yersiniosis,80,1,5,9,6,6,3,9,7,12,10,7,5,2022,"Enteric, Food and Waterborne"
Acute flaccid paralysis,0,0,0,0,0,0,0,0,0,0,0,0,0,2022,Vaccine Preventable 
Adverse vaccine reactions,62,4,4,1,1,3,7,8,12,4,3,13,2,2022,Vaccine Preventable 
Chickenpox,225,18,13,11,22,21,18,30,9,19,23,20,21,2022,Vaccine Preventable 
COVID-19,"140,506","46,169","8,292","11,369","17,323","8,991","5,977","11,858","7,859","5,516","6,907","4,524","5,721",2022,Vaccine Preventable 
Diphtheria,0,0,0,0,0,0,0,0,0,0,0,0,0,2022,Vaccine Preventable 
"Haemophilus influenzae, invasive",26,0,0,1,0,1,0,1,0,2,5,10,6,2022,Vaccine Preventable 
Influenza - sporadic,"3,870",1,2,9,37,79,61,17,13,55,358,"2,345",893,2022,Vaccine Preventable 
Influenza - outbreak associated,235,0,0,0,9,3,4,0,0,4,3,126,86,2022,Vaccine Preventable 
Measles,1,0,0,1,0,0,0,0,0,0,0,0,0,2022,Vaccine Preventable 
Monkeypox,497,0,0,0,0,0,130,238,107,16,3,0,3,2022,Vaccine Preventable 
Mumps,9,1,0,1,0,0,0,0,1,1,1,2,2,2022,Vaccine Preventable 
Pertussis,11,0,0,2,0,1,1,0,0,2,1,3,1,2022,Vaccine Preventable 
Rubella,0,0,0,0,0,0,0,0,0,0,0,0,0,2022,Vaccine Preventable 
"Rubella, congenital syndrome",0,0,0,0,0,0,0,0,0,0,0,0,0,2022,Vaccine Preventable 
Tetanus,1,0,0,0,0,0,0,1,0,0,0,0,0,2022,Vaccine Preventable 
Legionellosis,51,1,1,1,2,6,5,3,6,12,4,8,2,2022,Direct Contact and Respiratory
Leprosy,0,0,0,0,0,0,0,0,0,0,0,0,0,2022,Direct Contact and Respiratory
"Meningococcal disease, invasive",11,1,0,1,0,0,1,4,2,0,0,2,0,2022,Direct Contact and Respiratory
"Group A Streptococcal disease, invasive",119,13,7,10,5,6,6,10,9,9,10,16,18,2022,Direct Contact and Respiratory
"Group B Streptococcal disease, neonatal",4,0,0,0,0,0,0,0,1,1,0,1,1,2022,Direct Contact and Respiratory
"Pneumococcal disease, invasive",191,25,7,10,12,13,12,8,3,15,20,37,29,2022,Direct Contact and Respiratory
TB: Atypical mycobacterial infections,34,8,4,2,2,0,1,1,4,1,4,3,4,2022,Direct Contact and Respiratory
Tuberculosis,299,19,25,23,25,18,27,24,31,32,20,24,31,2022,Direct Contact and Respiratory
Brucellosis,1,1,0,0,0,0,0,0,0,0,0,0,0,2022,Vectorborne and Zoonotics
Echinococcus multilocularis infection,0,0,0,0,0,0,0,0,0,0,0,0,0,2022,Vectorborne and Zoonotics
Hemorrhagic fevers,1,0,0,0,0,0,1,0,0,0,0,0,0,2022,Vectorborne and Zoonotics
Lyme disease,125,1,0,2,5,6,22,29,28,15,6,10,1,2022,Vectorborne and Zoonotics
Q fever,1,0,0,0,0,0,0,0,0,0,1,0,0,2022,Vectorborne and Zoonotics
Rabies,0,0,0,0,0,0,0,0,0,0,0,0,0,2022,Vectorborne and Zoonotics
Tularemia,0,0,0,0,0,0,0,0,0,0,0,0,0,2022,Vectorborne and Zoonotics
West Nile Virus,14,0,0,0,0,0,0,0,5,7,0,2,0,2022,Vectorborne and Zoonotics
Blastomycosis,1,0,0,0,0,1,0,0,0,0,0,0,0,2022,Other
Carbapenamase-producing Enterobacteriaceae,176,6,6,5,9,14,18,22,16,19,22,20,19,2022,Other
Transmissible spongiform encephalopathy: Creutzfeldt-Jakob disease,6,0,1,0,0,2,0,0,0,0,1,2,0,2022,Other
Encephalitis/Meningitis - bacterial,0,0,0,0,0,0,0,0,0,0,0,0,0,2022,Encephalitis/Meningitis
Encephalitis/Meningitis - viral,0,0,0,0,0,0,0,0,0,0,0,0,0,2022,Encephalitis/Meningitis
Encephalitis/Meningitis - other,0,0,0,0,0,0,0,0,0,0,0,0,0,2022,Encephalitis/Meningitis
Encephalitis/Meningitis - unknown,0,0,0,0,0,0,0,0,0,0,0,0,0,2022,Encephalitis/Meningitis
Gastroenteritis,164,1,16,43,31,15,5,9,3,9,5,8,19,2022,Outbreaks
Respiratory Infection,"1,303",183,34,60,128,102,58,152,97,84,132,138,135,2022,Outbreaks
Other,3,0,0,0,0,0,0,1,0,0,0,0,2,2022,Outbreaks
